id,user_id,order_id,item_id,event_time
1,10100,1,1,2021-06-01T17:36:18Z
2,10100,1,mustard,2021-06-01T17:36:18Z
3,10100,1,saussages_type_1,2021-06-01T17:36:18Z
4,10100,1,24,2021-06-01T17:36:18Z
5,10100,1,26,2021-06-01T17:36:18Z
6,10100,1,grocery_bag,2021-06-01T17:36:18Z
7,10200,2,5,2021-06-01T17:36:18Z
8,10200,2,mustard,2021-06-01T17:36:18Z
9,10200,2,saussages_type_2,2021-06-01T17:36:19Z
10,10200,2,16,2021-06-01T17:36:19Z
11,10200,2,20,2021-06-01T17:36:19Z
12,10200,2,14,2021-06-01T17:36:19Z
13,10200,2,grocery_bag,2021-06-01T17:36:19Z
14,10300,3,mustard,2021-06-01T17:36:19Z
15,10300,3,meat,2021-06-01T17:36:19Z
16,10300,3,24,2021-06-01T17:36:19Z
17,10300,3,15,2021-06-01T17:36:20Z
18,10300,3,1,2021-06-01T17:36:20Z
19,10300,3,6,2021-06-01T17:36:20Z
20,10300,3,7,2021-06-01T17:36:20Z
21,10300,3,8,2021-06-01T17:36:20Z
22,10300,3,grocery_bag,2021-06-01T17:36:20Z
23,10400,4,9,2021-06-01T17:36:20Z
24,10400,4,12,2021-06-01T17:36:20Z
25,10400,4,mustard,2021-06-01T17:36:21Z
26,10400,4,saussages_type_1,2021-06-01T17:36:21Z
27,10400,4,15,2021-06-01T17:36:21Z
28,10400,4,16,2021-06-01T17:36:21Z
29,10400,4,20,2021-06-01T17:36:19Z
30,10400,4,11,2021-06-01T17:36:19Z
31,10400,4,grocery_bag,2021-06-01T17:36:19Z
32,10500,5,mustard,2021-06-01T17:36:19Z
33,10500,5,saussages_type_2,2021-06-01T17:36:19Z
34,10500,5,2,2021-06-01T17:36:19Z
35,10500,5,7,2021-06-01T17:36:19Z
36,10500,5,19,2021-06-01T17:36:19Z
37,10500,5,20,2021-06-01T17:36:20Z
38,10500,5,13,2021-06-01T17:36:20Z
39,10500,5,12,2021-06-01T17:36:20Z
40,10500,5,1,2021-06-01T17:36:20Z
41,10500,5,5,2021-06-01T17:36:20Z
42,10500,5,29,2021-06-01T17:36:20Z
43,10500,5,30,2021-06-01T17:36:20Z
44,10500,5,grocery_bag,2021-06-01T17:36:20Z
45,10600,6,mustard,2021-06-01T17:36:21Z
46,10600,6,meat,2021-06-01T17:36:21Z
47,10600,6,5,2021-06-01T17:36:21Z
48,10600,6,18,2021-06-01T17:36:21Z
49,10600,6,6,2021-06-01T17:36:21Z
50,10600,6,9,2021-06-01T17:36:21Z
51,10600,6,3,2021-06-01T17:36:21Z
52,10600,6,grocery_bag,2021-06-01T17:36:21Z
53,10700,7,1,2021-06-01T17:36:22Z
54,10700,7,2,2021-06-01T17:36:22Z
55,10700,7,3,2021-06-01T17:36:22Z
56,10700,7,4,2021-06-01T17:36:22Z
57,10700,7,5,2021-06-01T17:36:20Z
58,10700,7,6,2021-06-01T17:36:20Z
59,10700,7,7,2021-06-01T17:36:20Z
60,10700,7,8,2021-06-01T17:36:20Z
61,10700,7,9,2021-06-01T17:36:20Z
62,10700,7,grocery_bag,2021-06-01T17:36:20Z
63,10800,8,10,2021-06-01T17:36:20Z
64,10800,8,11,2021-06-01T17:36:20Z
65,10800,8,12,2021-06-01T17:36:21Z
66,10800,8,13,2021-06-01T17:36:21Z
67,10800,8,14,2021-06-01T17:36:21Z
68,10800,8,15,2021-06-01T17:36:21Z
69,10800,8,16,2021-06-01T17:36:21Z
70,10800,8,17,2021-06-01T17:36:21Z
71,10800,8,grocery_bag,2021-06-01T17:36:21Z
72,10900,9,18,2021-06-01T17:36:21Z
73,10900,9,19,2021-06-01T17:36:22Z
74,10900,9,20,2021-06-01T17:36:22Z
75,10900,9,21,2021-06-01T17:36:22Z
76,10900,9,22,2021-06-01T17:36:22Z
77,10900,9,23,2021-06-01T17:36:22Z
78,10900,9,24,2021-06-01T17:36:22Z
79,10900,9,25,2021-06-01T17:36:22Z
80,10900,9,26,2021-06-01T17:36:23Z
81,10900,9,27,2021-06-01T17:36:23Z
82,10900,9,28,2021-06-01T17:36:23Z
83,10900,9,grocery_bag,2021-06-01T17:36:23Z
84,11000,10,29,2021-06-01T17:36:23Z
85,11000,10,30,2021-06-01T17:36:21Z
86,11000,10,1,2021-06-01T17:36:21Z
87,11000,10,2,2021-06-01T17:36:21Z
88,11000,10,3,2021-06-01T17:36:21Z
89,11000,10,4,2021-06-01T17:36:21Z
90,11000,10,5,2021-06-01T17:36:21Z
91,1100,10,grocery_bag,2021-06-01T17:36:21Z
92,11100,11,6,2021-06-01T17:36:21Z
93,11100,11,7,2021-06-01T17:36:22Z
94,11100,11,8,2021-06-01T17:36:22Z
95,11100,11,9,2021-06-01T17:36:22Z
96,11100,11,10,2021-06-01T17:36:22Z
97,11100,11,11,2021-06-01T17:36:22Z
98,11100,11,grocery_bag,2021-06-01T17:36:22Z
99,11200,12,12,2021-06-01T17:36:22Z
100,11200,12,13,2021-06-01T17:36:22Z
101,11200,12,14,2021-06-01T17:36:23Z
102,11200,12,15,2021-06-01T17:36:23Z
103,11200,12,16,2021-06-01T17:36:23Z
104,11200,12,17,2021-06-01T17:36:23Z
105,11200,12,18,2021-06-01T17:36:23Z
106,11200,12,19,2021-06-01T17:36:23Z
107,11200,12,grocery_bag,2021-06-01T17:36:23Z
108,11300,13,20,2021-06-01T17:36:23Z
109,11300,13,21,2021-06-01T17:36:24Z
110,11300,13,22,2021-06-01T17:36:24Z
111,11300,13,23,2021-06-01T17:36:24Z
112,11300,13,24,2021-06-01T17:36:24Z
113,11300,13,25,2021-06-01T17:36:22Z
114,11300,13,26,2021-06-01T17:36:22Z
115,11300,13,27,2021-06-01T17:36:22Z
116,11300,13,28,2021-06-01T17:36:22Z
117,11400,14,1,2021-06-01T17:36:18Z
118,11400,14,mustard,2021-06-01T17:36:18Z
119,11400,14,saussages_type_1,2021-06-01T17:36:18Z
120,11400,14,24,2021-06-01T17:36:18Z
121,11400,14,26,2021-06-01T17:36:18Z
122,11400,14,grocery_bag,2021-06-01T17:36:18Z
123,11500,15,5,2021-06-01T17:36:18Z
124,11500,15,mustard,2021-06-01T17:36:18Z
125,11500,15,saussages_type_2,2021-06-01T17:36:19Z
126,11500,15,16,2021-06-01T17:36:19Z
127,11500,15,20,2021-06-01T17:36:19Z
128,11500,15,14,2021-06-01T17:36:19Z
129,11500,15,grocery_bag,2021-06-01T17:36:19Z
130,11600,16,mustard,2021-06-01T17:36:19Z
131,11600,16,meat,2021-06-01T17:36:19Z
132,11600,16,24,2021-06-01T17:36:19Z
133,11600,16,15,2021-06-01T17:36:20Z
134,11600,16,1,2021-06-01T17:36:20Z
135,11600,16,6,2021-06-01T17:36:20Z
136,11600,16,7,2021-06-01T17:36:20Z
137,11600,16,8,2021-06-01T17:36:20Z
138,11600,16,grocery_bag,2021-06-01T17:36:20Z
139,11700,17,9,2021-06-01T17:36:20Z
140,11700,17,12,2021-06-01T17:36:20Z
141,11700,17,mustard,2021-06-01T17:36:21Z
142,11700,17,saussages_type_1,2021-06-01T17:36:21Z
143,11700,17,15,2021-06-01T17:36:21Z
144,11700,17,16,2021-06-01T17:36:21Z
145,11700,17,20,2021-06-01T17:36:19Z
146,11700,17,11,2021-06-01T17:36:19Z
147,11700,17,grocery_bag,2021-06-01T17:36:19Z
148,11800,18,mustard,2021-06-01T17:36:19Z
149,11800,18,saussages_type_2,2021-06-01T17:36:19Z
150,11800,18,2,2021-06-01T17:36:19Z
151,11800,18,7,2021-06-01T17:36:19Z
152,11800,18,19,2021-06-01T17:36:19Z
153,11800,18,20,2021-06-01T17:36:20Z
154,11800,18,13,2021-06-01T17:36:20Z
155,11800,18,12,2021-06-01T17:36:20Z
156,11800,18,1,2021-06-01T17:36:20Z
157,11800,18,5,2021-06-01T17:36:20Z
158,11800,18,29,2021-06-01T17:36:20Z
159,11800,18,30,2021-06-01T17:36:20Z
160,11800,18,grocery_bag,2021-06-01T17:36:20Z
161,11900,19,mustard,2021-06-01T17:36:21Z
162,11900,19,meat,2021-06-01T17:36:21Z
163,11900,19,5,2021-06-01T17:36:21Z
164,11900,19,18,2021-06-01T17:36:21Z
165,11900,19,6,2021-06-01T17:36:21Z
166,11900,19,9,2021-06-01T17:36:21Z
167,11900,19,3,2021-06-01T17:36:21Z
168,11900,19,grocery_bag,2021-06-01T17:36:21Z
169,12000,20,1,2021-06-01T17:36:22Z
170,12000,20,2,2021-06-01T17:36:22Z
171,12000,20,3,2021-06-01T17:36:22Z
172,12000,20,4,2021-06-01T17:36:22Z
173,12000,20,5,2021-06-01T17:36:20Z
174,12000,20,6,2021-06-01T17:36:20Z
175,12000,20,7,2021-06-01T17:36:20Z
176,12000,20,8,2021-06-01T17:36:20Z
177,12000,20,9,2021-06-01T17:36:20Z
178,12000,20,grocery_bag,2021-06-01T17:36:20Z
179,12100,21,10,2021-06-01T17:36:20Z
180,12100,21,11,2021-06-01T17:36:20Z
181,12100,21,12,2021-06-01T17:36:21Z
182,12100,21,13,2021-06-01T17:36:21Z
183,12100,21,14,2021-06-01T17:36:21Z
184,12100,21,15,2021-06-01T17:36:21Z
185,12100,21,16,2021-06-01T17:36:21Z
186,12100,21,17,2021-06-01T17:36:21Z
187,12100,21,grocery_bag,2021-06-01T17:36:21Z
188,12200,22,18,2021-06-01T17:36:21Z
189,12200,22,19,2021-06-01T17:36:22Z
190,12200,22,20,2021-06-01T17:36:22Z
191,12200,22,21,2021-06-01T17:36:22Z
192,12200,22,22,2021-06-01T17:36:22Z
193,12200,22,23,2021-06-01T17:36:22Z
194,12200,22,24,2021-06-01T17:36:22Z
195,12200,22,25,2021-06-01T17:36:22Z
196,12200,22,26,2021-06-01T17:36:23Z
197,12200,22,27,2021-06-01T17:36:23Z
198,12200,22,28,2021-06-01T17:36:23Z
199,12200,22,grocery_bag,2021-06-01T17:36:23Z
200,12300,23,29,2021-06-01T17:36:23Z
201,12300,23,30,2021-06-01T17:36:21Z
202,12300,23,1,2021-06-01T17:36:21Z
203,12300,23,2,2021-06-01T17:36:21Z
204,12300,23,3,2021-06-01T17:36:21Z
205,12300,23,4,2021-06-01T17:36:21Z
206,12300,23,5,2021-06-01T17:36:21Z
207,12300,23,grocery_bag,2021-06-01T17:36:21Z
208,12400,24,6,2021-06-01T17:36:21Z
209,12400,24,7,2021-06-01T17:36:22Z
210,12400,24,8,2021-06-01T17:36:22Z
211,12400,24,9,2021-06-01T17:36:22Z
212,12400,24,10,2021-06-01T17:36:22Z
213,12400,24,11,2021-06-01T17:36:22Z
214,12400,24,grocery_bag,2021-06-01T17:36:22Z
215,12500,25,12,2021-06-01T17:36:22Z
216,12500,25,13,2021-06-01T17:36:22Z
217,12500,25,14,2021-06-01T17:36:23Z
218,12500,25,15,2021-06-01T17:36:23Z
219,12500,25,16,2021-06-01T17:36:23Z
220,12500,25,17,2021-06-01T17:36:23Z
221,12500,25,18,2021-06-01T17:36:23Z
222,12500,25,19,2021-06-01T17:36:23Z
223,12500,25,grocery_bag,2021-06-01T17:36:23Z
224,12600,26,20,2021-06-01T17:36:23Z
225,12600,26,21,2021-06-01T17:36:24Z
226,12600,26,22,2021-06-01T17:36:24Z
227,12600,26,23,2021-06-01T17:36:24Z
228,12600,26,24,2021-06-01T17:36:24Z
229,12600,26,25,2021-06-01T17:36:22Z
230,12600,26,26,2021-06-01T17:36:22Z
231,12600,26,27,2021-06-01T17:36:22Z
232,12600,26,28,2021-06-01T17:36:22Z
233,12700,27,1,2021-06-01T17:36:18Z
234,12700,27,mustard,2021-06-01T17:36:18Z
235,12700,27,saussages_type_1,2021-06-01T17:36:18Z
236,12700,27,24,2021-06-01T17:36:18Z
237,12700,27,26,2021-06-01T17:36:18Z
238,12700,27,grocery_bag,2021-06-01T17:36:18Z
239,12800,28,5,2021-06-01T17:36:18Z
240,12800,28,mustard,2021-06-01T17:36:18Z
241,12800,28,saussages_type_2,2021-06-01T17:36:19Z
242,12800,28,16,2021-06-01T17:36:19Z
243,12800,28,20,2021-06-01T17:36:19Z
244,12800,28,14,2021-06-01T17:36:19Z
245,12800,28,grocery_bag,2021-06-01T17:36:19Z
246,12900,29,mustard,2021-06-01T17:36:19Z
247,12900,29,meat,2021-06-01T17:36:19Z
248,12900,29,24,2021-06-01T17:36:19Z
249,12900,29,15,2021-06-01T17:36:20Z
250,12900,29,1,2021-06-01T17:36:20Z
251,12900,29,6,2021-06-01T17:36:20Z
252,12900,29,7,2021-06-01T17:36:20Z
253,12900,29,8,2021-06-01T17:36:20Z
254,12900,29,grocery_bag,2021-06-01T17:36:20Z
255,13000,30,9,2021-06-01T17:36:20Z
256,13000,30,12,2021-06-01T17:36:20Z
257,13000,30,mustard,2021-06-01T17:36:21Z
258,13000,30,saussages_type_1,2021-06-01T17:36:21Z
259,13000,30,15,2021-06-01T17:36:21Z
260,13000,30,16,2021-06-01T17:36:21Z
261,13000,30,20,2021-06-01T17:36:19Z
262,13000,30,11,2021-06-01T17:36:19Z
263,13000,30,grocery_bag,2021-06-01T17:36:19Z
264,13100,31,mustard,2021-06-01T17:36:19Z
265,13100,31,saussages_type_2,2021-06-01T17:36:19Z
266,13100,31,2,2021-06-01T17:36:19Z
267,13100,31,7,2021-06-01T17:36:19Z
268,13100,31,19,2021-06-01T17:36:19Z
269,13100,31,20,2021-06-01T17:36:20Z
270,13100,31,13,2021-06-01T17:36:20Z
271,13100,31,12,2021-06-01T17:36:20Z
272,13100,31,1,2021-06-01T17:36:20Z
273,13100,31,5,2021-06-01T17:36:20Z
274,13100,31,29,2021-06-01T17:36:20Z
275,13100,31,30,2021-06-01T17:36:20Z
276,13100,31,grocery_bag,2021-06-01T17:36:20Z
277,13200,32,mustard,2021-06-01T17:36:21Z
278,13200,32,meat,2021-06-01T17:36:21Z
279,13200,32,5,2021-06-01T17:36:21Z
280,13200,32,18,2021-06-01T17:36:21Z
281,13200,32,6,2021-06-01T17:36:21Z
282,13200,32,9,2021-06-01T17:36:21Z
283,13200,32,3,2021-06-01T17:36:21Z
284,13200,32,grocery_bag,2021-06-01T17:36:21Z
285,13300,33,1,2021-06-01T17:36:22Z
286,13300,33,2,2021-06-01T17:36:22Z
287,13300,33,3,2021-06-01T17:36:22Z
288,13300,33,4,2021-06-01T17:36:22Z
289,13300,33,5,2021-06-01T17:36:20Z
290,13300,33,6,2021-06-01T17:36:20Z
291,13300,33,7,2021-06-01T17:36:20Z
292,13300,33,8,2021-06-01T17:36:20Z
293,13300,33,9,2021-06-01T17:36:20Z
294,13300,33,grocery_bag,2021-06-01T17:36:20Z
295,13400,34,10,2021-06-01T17:36:20Z
296,13400,34,11,2021-06-01T17:36:20Z
297,13400,34,12,2021-06-01T17:36:21Z
298,13400,34,13,2021-06-01T17:36:21Z
299,13400,34,14,2021-06-01T17:36:21Z
300,13400,34,15,2021-06-01T17:36:21Z
301,13400,34,16,2021-06-01T17:36:21Z
302,13400,34,17,2021-06-01T17:36:21Z
303,13400,34,grocery_bag,2021-06-01T17:36:21Z
304,13500,35,18,2021-06-01T17:36:21Z
305,13500,35,19,2021-06-01T17:36:22Z
306,13500,35,20,2021-06-01T17:36:22Z
307,13500,35,21,2021-06-01T17:36:22Z
308,13500,35,22,2021-06-01T17:36:22Z
309,13500,35,23,2021-06-01T17:36:22Z
310,13500,35,24,2021-06-01T17:36:22Z
311,13500,35,25,2021-06-01T17:36:22Z
312,13500,35,26,2021-06-01T17:36:23Z
313,13500,35,27,2021-06-01T17:36:23Z
314,13500,35,28,2021-06-01T17:36:23Z
315,13500,35,grocery_bag,2021-06-01T17:36:23Z
316,13600,36,29,2021-06-01T17:36:23Z
317,13600,36,30,2021-06-01T17:36:21Z
318,13600,36,1,2021-06-01T17:36:21Z
319,13600,36,2,2021-06-01T17:36:21Z
320,13600,36,3,2021-06-01T17:36:21Z
321,13600,36,4,2021-06-01T17:36:21Z
322,13600,36,5,2021-06-01T17:36:21Z
323,13600,36,grocery_bag,2021-06-01T17:36:21Z
324,13700,37,6,2021-06-01T17:36:21Z
325,13700,37,7,2021-06-01T17:36:22Z
326,13700,37,8,2021-06-01T17:36:22Z
327,13700,37,9,2021-06-01T17:36:22Z
328,13700,37,10,2021-06-01T17:36:22Z
329,13700,37,11,2021-06-01T17:36:22Z
330,13700,37,grocery_bag,2021-06-01T17:36:22Z
331,13800,38,12,2021-06-01T17:36:22Z
332,13800,38,13,2021-06-01T17:36:22Z
333,13800,38,14,2021-06-01T17:36:23Z
334,13800,38,15,2021-06-01T17:36:23Z
335,13800,38,16,2021-06-01T17:36:23Z
336,13800,38,17,2021-06-01T17:36:23Z
337,13800,38,18,2021-06-01T17:36:23Z
338,13800,38,19,2021-06-01T17:36:23Z
339,13800,38,grocery_bag,2021-06-01T17:36:23Z
340,13900,39,20,2021-06-01T17:36:23Z
341,13900,39,21,2021-06-01T17:36:24Z
342,13900,39,22,2021-06-01T17:36:24Z
343,13900,39,23,2021-06-01T17:36:24Z
344,13900,39,24,2021-06-01T17:36:24Z
345,13900,39,25,2021-06-01T17:36:22Z
346,13900,39,26,2021-06-01T17:36:22Z
347,13900,39,27,2021-06-01T17:36:22Z
348,13900,39,28,2021-06-01T17:36:22Z
349,14000,40,1,2021-06-01T17:36:18Z
350,14000,40,mustard,2021-06-01T17:36:18Z
351,14000,40,saussages_type_1,2021-06-01T17:36:18Z
352,14000,40,24,2021-06-01T17:36:18Z
353,14000,40,26,2021-06-01T17:36:18Z
354,14000,40,grocery_bag,2021-06-01T17:36:18Z
355,14100,41,5,2021-06-01T17:36:18Z
356,14100,41,mustard,2021-06-01T17:36:18Z
357,14100,41,saussages_type_2,2021-06-01T17:36:19Z
358,14100,41,16,2021-06-01T17:36:19Z
359,14100,41,20,2021-06-01T17:36:19Z
360,14100,41,14,2021-06-01T17:36:19Z
361,14100,41,grocery_bag,2021-06-01T17:36:19Z
362,14200,42,mustard,2021-06-01T17:36:19Z
363,14200,42,meat,2021-06-01T17:36:19Z
364,14200,42,24,2021-06-01T17:36:19Z
365,14200,42,15,2021-06-01T17:36:20Z
366,14200,42,1,2021-06-01T17:36:20Z
367,14200,42,6,2021-06-01T17:36:20Z
368,14200,42,7,2021-06-01T17:36:20Z
369,14200,42,8,2021-06-01T17:36:20Z
370,14200,42,grocery_bag,2021-06-01T17:36:20Z
371,14300,43,9,2021-06-01T17:36:20Z
372,14300,43,12,2021-06-01T17:36:20Z
373,14300,43,mustard,2021-06-01T17:36:21Z
374,14300,43,saussages_type_1,2021-06-01T17:36:21Z
375,14300,43,15,2021-06-01T17:36:21Z
376,14300,43,16,2021-06-01T17:36:21Z
377,14300,43,20,2021-06-01T17:36:19Z
378,14300,43,11,2021-06-01T17:36:19Z
379,14300,43,grocery_bag,2021-06-01T17:36:19Z
380,14400,44,mustard,2021-06-01T17:36:19Z
381,14400,44,saussages_type_2,2021-06-01T17:36:19Z
382,14400,44,2,2021-06-01T17:36:19Z
383,14400,44,7,2021-06-01T17:36:19Z
384,14400,44,19,2021-06-01T17:36:19Z
385,14400,44,20,2021-06-01T17:36:20Z
386,14400,44,13,2021-06-01T17:36:20Z
387,14400,44,12,2021-06-01T17:36:20Z
388,14400,44,1,2021-06-01T17:36:20Z
389,14400,44,5,2021-06-01T17:36:20Z
390,14400,44,29,2021-06-01T17:36:20Z
391,14400,44,30,2021-06-01T17:36:20Z
392,14400,44,grocery_bag,2021-06-01T17:36:20Z
393,14500,45,mustard,2021-06-01T17:36:21Z
394,14500,45,meat,2021-06-01T17:36:21Z
395,14500,45,5,2021-06-01T17:36:21Z
396,14500,45,18,2021-06-01T17:36:21Z
397,14500,45,6,2021-06-01T17:36:21Z
398,14500,45,9,2021-06-01T17:36:21Z
399,14500,45,3,2021-06-01T17:36:21Z
400,14500,45,grocery_bag,2021-06-01T17:36:21Z
401,14600,46,1,2021-06-01T17:36:22Z
402,14600,46,2,2021-06-01T17:36:22Z
403,14600,46,3,2021-06-01T17:36:22Z
404,14600,46,4,2021-06-01T17:36:22Z
405,14600,46,5,2021-06-01T17:36:20Z
406,14600,46,6,2021-06-01T17:36:20Z
407,14600,46,7,2021-06-01T17:36:20Z
408,14600,46,8,2021-06-01T17:36:20Z
409,14600,46,9,2021-06-01T17:36:20Z
410,14600,46,grocery_bag,2021-06-01T17:36:20Z
411,14700,47,10,2021-06-01T17:36:20Z
412,14700,47,11,2021-06-01T17:36:20Z
413,14700,47,12,2021-06-01T17:36:21Z
414,14700,47,13,2021-06-01T17:36:21Z
415,14700,47,14,2021-06-01T17:36:21Z
416,14700,47,15,2021-06-01T17:36:21Z
417,14700,47,16,2021-06-01T17:36:21Z
418,14700,47,17,2021-06-01T17:36:21Z
419,14700,47,grocery_bag,2021-06-01T17:36:21Z
420,14800,48,18,2021-06-01T17:36:21Z
421,14800,48,19,2021-06-01T17:36:22Z
422,14800,48,20,2021-06-01T17:36:22Z
423,14800,48,21,2021-06-01T17:36:22Z
424,14800,48,22,2021-06-01T17:36:22Z
425,14800,48,23,2021-06-01T17:36:22Z
426,14800,48,24,2021-06-01T17:36:22Z
427,14800,48,25,2021-06-01T17:36:22Z
428,14800,48,26,2021-06-01T17:36:23Z
429,14800,48,27,2021-06-01T17:36:23Z
430,14800,48,28,2021-06-01T17:36:23Z
431,14800,48,grocery_bag,2021-06-01T17:36:23Z
432,14900,49,29,2021-06-01T17:36:23Z
433,14900,49,30,2021-06-01T17:36:21Z
434,14900,49,1,2021-06-01T17:36:21Z
435,14900,49,2,2021-06-01T17:36:21Z
436,14900,49,3,2021-06-01T17:36:21Z
437,14900,49,4,2021-06-01T17:36:21Z
438,14900,49,5,2021-06-01T17:36:21Z
439,14900,49,grocery_bag,2021-06-01T17:36:21Z
440,15000,50,6,2021-06-01T17:36:21Z
441,15000,50,7,2021-06-01T17:36:22Z
442,15000,50,8,2021-06-01T17:36:22Z
443,15000,50,9,2021-06-01T17:36:22Z
444,15000,50,10,2021-06-01T17:36:22Z
445,15000,50,11,2021-06-01T17:36:22Z
446,15000,50,grocery_bag,2021-06-01T17:36:22Z
447,15100,51,12,2021-06-01T17:36:22Z
448,15100,51,13,2021-06-01T17:36:22Z
449,15100,51,14,2021-06-01T17:36:23Z
450,15100,51,15,2021-06-01T17:36:23Z
451,15100,51,16,2021-06-01T17:36:23Z
452,15100,51,17,2021-06-01T17:36:23Z
453,15100,51,18,2021-06-01T17:36:23Z
454,15100,51,19,2021-06-01T17:36:23Z
455,15100,51,grocery_bag,2021-06-01T17:36:23Z
456,15200,52,20,2021-06-01T17:36:23Z
457,15200,52,21,2021-06-01T17:36:24Z
458,15200,52,22,2021-06-01T17:36:24Z
459,15200,52,23,2021-06-01T17:36:24Z
460,15200,52,24,2021-06-01T17:36:24Z
461,15200,52,25,2021-06-01T17:36:22Z
462,15200,52,26,2021-06-01T17:36:22Z
463,15200,52,27,2021-06-01T17:36:22Z
464,15200,52,28,2021-06-01T17:36:22Z
465,15300,53,1,2021-06-01T17:36:18Z
466,15300,53,mustard,2021-06-01T17:36:18Z
467,15300,53,saussages_type_1,2021-06-01T17:36:18Z
468,15300,53,24,2021-06-01T17:36:18Z
469,15300,53,26,2021-06-01T17:36:18Z
470,15300,53,grocery_bag,2021-06-01T17:36:18Z
471,15400,54,5,2021-06-01T17:36:18Z
472,15400,54,mustard,2021-06-01T17:36:18Z
473,15400,54,saussages_type_2,2021-06-01T17:36:19Z
474,15400,54,16,2021-06-01T17:36:19Z
475,15400,54,20,2021-06-01T17:36:19Z
476,15400,54,14,2021-06-01T17:36:19Z
477,15400,54,grocery_bag,2021-06-01T17:36:19Z
478,15500,55,mustard,2021-06-01T17:36:19Z
479,15500,55,meat,2021-06-01T17:36:19Z
480,15500,55,24,2021-06-01T17:36:19Z
481,15500,55,15,2021-06-01T17:36:20Z
482,15500,55,1,2021-06-01T17:36:20Z
483,15500,55,6,2021-06-01T17:36:20Z
484,15500,55,7,2021-06-01T17:36:20Z
485,15500,55,8,2021-06-01T17:36:20Z
486,15500,55,grocery_bag,2021-06-01T17:36:20Z
487,15600,56,9,2021-06-01T17:36:20Z
488,15600,56,12,2021-06-01T17:36:20Z
489,15600,56,mustard,2021-06-01T17:36:21Z
490,15600,56,saussages_type_1,2021-06-01T17:36:21Z
491,15600,56,15,2021-06-01T17:36:21Z
492,15600,56,16,2021-06-01T17:36:21Z
493,15600,56,20,2021-06-01T17:36:19Z
494,15600,56,11,2021-06-01T17:36:19Z
495,15600,56,grocery_bag,2021-06-01T17:36:19Z
496,15700,57,mustard,2021-06-01T17:36:19Z
497,15700,57,saussages_type_2,2021-06-01T17:36:19Z
498,15700,57,2,2021-06-01T17:36:19Z
499,15700,57,7,2021-06-01T17:36:19Z
500,15700,57,19,2021-06-01T17:36:19Z
501,15700,57,20,2021-06-01T17:36:20Z
502,15700,57,13,2021-06-01T17:36:20Z
503,15700,57,12,2021-06-01T17:36:20Z
504,15700,57,1,2021-06-01T17:36:20Z
505,15700,57,5,2021-06-01T17:36:20Z
506,15700,57,29,2021-06-01T17:36:20Z
507,15700,57,30,2021-06-01T17:36:20Z
508,15700,57,grocery_bag,2021-06-01T17:36:20Z
509,15800,58,mustard,2021-06-01T17:36:21Z
510,15800,58,meat,2021-06-01T17:36:21Z
511,15800,58,5,2021-06-01T17:36:21Z
512,15800,58,18,2021-06-01T17:36:21Z
513,15800,58,6,2021-06-01T17:36:21Z
514,15800,58,9,2021-06-01T17:36:21Z
515,15800,58,3,2021-06-01T17:36:21Z
516,15800,58,grocery_bag,2021-06-01T17:36:21Z
517,15900,59,1,2021-06-01T17:36:22Z
518,15900,59,2,2021-06-01T17:36:22Z
519,15900,59,3,2021-06-01T17:36:22Z
520,15900,59,4,2021-06-01T17:36:22Z
521,15900,59,5,2021-06-01T17:36:20Z
522,15900,59,6,2021-06-01T17:36:20Z
523,15900,59,7,2021-06-01T17:36:20Z
524,15900,59,8,2021-06-01T17:36:20Z
525,15900,59,9,2021-06-01T17:36:20Z
526,15900,59,grocery_bag,2021-06-01T17:36:20Z
527,16000,60,10,2021-06-01T17:36:20Z
528,16000,60,11,2021-06-01T17:36:20Z
529,16000,60,12,2021-06-01T17:36:21Z
530,16000,60,13,2021-06-01T17:36:21Z
531,16000,60,14,2021-06-01T17:36:21Z
532,16000,60,15,2021-06-01T17:36:21Z
533,16000,60,16,2021-06-01T17:36:21Z
534,16000,60,17,2021-06-01T17:36:21Z
535,16000,60,grocery_bag,2021-06-01T17:36:21Z
536,16100,61,18,2021-06-01T17:36:21Z
537,16100,61,19,2021-06-01T17:36:22Z
538,16100,61,20,2021-06-01T17:36:22Z
539,16100,61,21,2021-06-01T17:36:22Z
540,16100,61,22,2021-06-01T17:36:22Z
541,16100,61,23,2021-06-01T17:36:22Z
542,16100,61,24,2021-06-01T17:36:22Z
543,16100,61,25,2021-06-01T17:36:22Z
544,16100,61,26,2021-06-01T17:36:23Z
545,16100,61,27,2021-06-01T17:36:23Z
546,16100,61,28,2021-06-01T17:36:23Z
547,16100,61,grocery_bag,2021-06-01T17:36:23Z
548,16200,62,29,2021-06-01T17:36:23Z
549,16200,62,30,2021-06-01T17:36:21Z
550,16200,62,1,2021-06-01T17:36:21Z
551,16200,62,2,2021-06-01T17:36:21Z
552,16200,62,3,2021-06-01T17:36:21Z
553,16200,62,4,2021-06-01T17:36:21Z
554,16200,62,5,2021-06-01T17:36:21Z
555,16200,62,grocery_bag,2021-06-01T17:36:21Z
556,16300,63,6,2021-06-01T17:36:21Z
557,16300,63,7,2021-06-01T17:36:22Z
558,16300,63,8,2021-06-01T17:36:22Z
559,16300,63,9,2021-06-01T17:36:22Z
560,16300,63,10,2021-06-01T17:36:22Z
561,16300,63,11,2021-06-01T17:36:22Z
562,16300,63,grocery_bag,2021-06-01T17:36:22Z
563,16400,64,12,2021-06-01T17:36:22Z
564,16400,64,13,2021-06-01T17:36:22Z
565,16400,64,14,2021-06-01T17:36:23Z
566,16400,64,15,2021-06-01T17:36:23Z
567,16400,64,16,2021-06-01T17:36:23Z
568,16400,64,17,2021-06-01T17:36:23Z
569,16400,64,18,2021-06-01T17:36:23Z
570,16400,64,19,2021-06-01T17:36:23Z
571,16400,64,grocery_bag,2021-06-01T17:36:23Z
572,16500,65,20,2021-06-01T17:36:23Z
573,16500,65,21,2021-06-01T17:36:24Z
574,16500,65,22,2021-06-01T17:36:24Z
575,16500,65,23,2021-06-01T17:36:24Z
576,16500,65,24,2021-06-01T17:36:24Z
577,16500,65,25,2021-06-01T17:36:22Z
578,16500,65,26,2021-06-01T17:36:22Z
579,16500,65,27,2021-06-01T17:36:22Z
580,16500,65,28,2021-06-01T17:36:22Z
581,16600,66,1,2021-06-01T17:36:18Z
582,16600,66,mustard,2021-06-01T17:36:18Z
583,16600,66,saussages_type_1,2021-06-01T17:36:18Z
584,16600,66,24,2021-06-01T17:36:18Z
585,16600,66,26,2021-06-01T17:36:18Z
586,16600,66,grocery_bag,2021-06-01T17:36:18Z
587,16700,67,5,2021-06-01T17:36:18Z
588,16700,67,mustard,2021-06-01T17:36:18Z
589,16700,67,saussages_type_2,2021-06-01T17:36:19Z
590,16700,67,16,2021-06-01T17:36:19Z
591,16700,67,20,2021-06-01T17:36:19Z
592,16700,67,14,2021-06-01T17:36:19Z
593,16700,67,grocery_bag,2021-06-01T17:36:19Z
594,16800,68,mustard,2021-06-01T17:36:19Z
595,16800,68,meat,2021-06-01T17:36:19Z
596,16800,68,24,2021-06-01T17:36:19Z
597,16800,68,15,2021-06-01T17:36:20Z
598,16800,68,1,2021-06-01T17:36:20Z
599,16800,68,6,2021-06-01T17:36:20Z
600,16800,68,7,2021-06-01T17:36:20Z
601,16800,68,8,2021-06-01T17:36:20Z
602,16800,68,grocery_bag,2021-06-01T17:36:20Z
603,16900,69,9,2021-06-01T17:36:20Z
604,16900,69,12,2021-06-01T17:36:20Z
605,16900,69,mustard,2021-06-01T17:36:21Z
606,16900,69,saussages_type_1,2021-06-01T17:36:21Z
607,16900,69,15,2021-06-01T17:36:21Z
608,16900,69,16,2021-06-01T17:36:21Z
609,16900,69,20,2021-06-01T17:36:19Z
610,16900,69,11,2021-06-01T17:36:19Z
611,16900,69,grocery_bag,2021-06-01T17:36:19Z
612,17000,70,mustard,2021-06-01T17:36:19Z
613,17000,70,saussages_type_2,2021-06-01T17:36:19Z
614,17000,70,2,2021-06-01T17:36:19Z
615,17000,70,7,2021-06-01T17:36:19Z
616,17000,70,19,2021-06-01T17:36:19Z
617,17000,70,20,2021-06-01T17:36:20Z
618,17000,70,13,2021-06-01T17:36:20Z
619,17000,70,12,2021-06-01T17:36:20Z
620,17000,70,1,2021-06-01T17:36:20Z
621,17000,70,5,2021-06-01T17:36:20Z
622,17000,70,29,2021-06-01T17:36:20Z
623,17000,70,30,2021-06-01T17:36:20Z
624,17000,70,grocery_bag,2021-06-01T17:36:20Z
625,17100,71,mustard,2021-06-01T17:36:21Z
626,17100,71,meat,2021-06-01T17:36:21Z
627,17100,71,5,2021-06-01T17:36:21Z
628,17100,71,18,2021-06-01T17:36:21Z
629,17100,71,6,2021-06-01T17:36:21Z
630,17100,71,9,2021-06-01T17:36:21Z
631,17100,71,3,2021-06-01T17:36:21Z
632,17100,71,grocery_bag,2021-06-01T17:36:21Z
633,17200,72,1,2021-06-01T17:36:22Z
634,17200,72,2,2021-06-01T17:36:22Z
635,17200,72,3,2021-06-01T17:36:22Z
636,17200,72,4,2021-06-01T17:36:22Z
637,17200,72,5,2021-06-01T17:36:20Z
638,17200,72,6,2021-06-01T17:36:20Z
639,17200,72,7,2021-06-01T17:36:20Z
640,17200,72,8,2021-06-01T17:36:20Z
641,17200,72,9,2021-06-01T17:36:20Z
642,17200,72,grocery_bag,2021-06-01T17:36:20Z
643,17300,73,10,2021-06-01T17:36:20Z
644,17300,73,11,2021-06-01T17:36:20Z
645,17300,73,12,2021-06-01T17:36:21Z
646,17300,73,13,2021-06-01T17:36:21Z
647,17300,73,14,2021-06-01T17:36:21Z
648,17300,73,15,2021-06-01T17:36:21Z
649,17300,73,16,2021-06-01T17:36:21Z
650,17300,73,17,2021-06-01T17:36:21Z
651,17300,73,grocery_bag,2021-06-01T17:36:21Z
652,17400,74,18,2021-06-01T17:36:21Z
653,17400,74,19,2021-06-01T17:36:22Z
654,17400,74,20,2021-06-01T17:36:22Z
655,17400,74,21,2021-06-01T17:36:22Z
656,17400,74,22,2021-06-01T17:36:22Z
657,17400,74,23,2021-06-01T17:36:22Z
658,17400,74,24,2021-06-01T17:36:22Z
659,17400,74,25,2021-06-01T17:36:22Z
660,17400,74,26,2021-06-01T17:36:23Z
661,17400,74,27,2021-06-01T17:36:23Z
662,17400,74,28,2021-06-01T17:36:23Z
663,17400,74,grocery_bag,2021-06-01T17:36:23Z
664,17500,75,29,2021-06-01T17:36:23Z
665,17500,75,30,2021-06-01T17:36:21Z
666,17500,75,1,2021-06-01T17:36:21Z
667,17500,75,2,2021-06-01T17:36:21Z
668,17500,75,3,2021-06-01T17:36:21Z
669,17500,75,4,2021-06-01T17:36:21Z
670,17500,75,5,2021-06-01T17:36:21Z
671,17500,75,grocery_bag,2021-06-01T17:36:21Z
672,17600,76,6,2021-06-01T17:36:21Z
673,17600,76,7,2021-06-01T17:36:22Z
674,17600,76,8,2021-06-01T17:36:22Z
675,17600,76,9,2021-06-01T17:36:22Z
676,17600,76,10,2021-06-01T17:36:22Z
677,17600,76,11,2021-06-01T17:36:22Z
678,17600,76,grocery_bag,2021-06-01T17:36:22Z
679,17700,77,12,2021-06-01T17:36:22Z
680,17700,77,13,2021-06-01T17:36:22Z
681,17700,77,14,2021-06-01T17:36:23Z
682,17700,77,15,2021-06-01T17:36:23Z
683,17700,77,16,2021-06-01T17:36:23Z
684,17700,77,17,2021-06-01T17:36:23Z
685,17700,77,18,2021-06-01T17:36:23Z
686,17700,77,19,2021-06-01T17:36:23Z
687,17700,77,grocery_bag,2021-06-01T17:36:23Z
688,17800,78,20,2021-06-01T17:36:23Z
689,17800,78,21,2021-06-01T17:36:24Z
690,17800,78,22,2021-06-01T17:36:24Z
691,17800,78,23,2021-06-01T17:36:24Z
692,17800,78,24,2021-06-01T17:36:24Z
693,17800,78,25,2021-06-01T17:36:22Z
694,17800,78,26,2021-06-01T17:36:22Z
695,17800,78,27,2021-06-01T17:36:22Z
696,17800,78,28,2021-06-01T17:36:22Z
697,17900,79,1,2021-06-01T17:36:18Z
698,17900,79,mustard,2021-06-01T17:36:18Z
699,17900,79,saussages_type_1,2021-06-01T17:36:18Z
700,17900,79,24,2021-06-01T17:36:18Z
701,17900,79,26,2021-06-01T17:36:18Z
702,17900,79,grocery_bag,2021-06-01T17:36:18Z
703,18000,80,5,2021-06-01T17:36:18Z
704,18000,80,mustard,2021-06-01T17:36:18Z
705,18000,80,saussages_type_2,2021-06-01T17:36:19Z
706,18000,80,16,2021-06-01T17:36:19Z
707,18000,80,20,2021-06-01T17:36:19Z
708,18000,80,14,2021-06-01T17:36:19Z
709,18000,80,grocery_bag,2021-06-01T17:36:19Z
710,18100,81,mustard,2021-06-01T17:36:19Z
711,18100,81,meat,2021-06-01T17:36:19Z
712,18100,81,24,2021-06-01T17:36:19Z
713,18100,81,15,2021-06-01T17:36:20Z
714,18100,81,1,2021-06-01T17:36:20Z
715,18100,81,6,2021-06-01T17:36:20Z
716,18100,81,7,2021-06-01T17:36:20Z
717,18100,81,8,2021-06-01T17:36:20Z
718,18100,81,grocery_bag,2021-06-01T17:36:20Z
719,18200,82,9,2021-06-01T17:36:20Z
720,18200,82,12,2021-06-01T17:36:20Z
721,18200,82,mustard,2021-06-01T17:36:21Z
722,18200,82,saussages_type_1,2021-06-01T17:36:21Z
723,18200,82,15,2021-06-01T17:36:21Z
724,18200,82,16,2021-06-01T17:36:21Z
725,18200,82,20,2021-06-01T17:36:19Z
726,18200,82,11,2021-06-01T17:36:19Z
727,18200,82,grocery_bag,2021-06-01T17:36:19Z
728,18300,83,mustard,2021-06-01T17:36:19Z
729,18300,83,saussages_type_2,2021-06-01T17:36:19Z
730,18300,83,2,2021-06-01T17:36:19Z
731,18300,83,7,2021-06-01T17:36:19Z
732,18300,83,19,2021-06-01T17:36:19Z
733,18300,83,20,2021-06-01T17:36:20Z
734,18300,83,13,2021-06-01T17:36:20Z
735,18300,83,12,2021-06-01T17:36:20Z
736,18300,83,1,2021-06-01T17:36:20Z
737,18300,83,5,2021-06-01T17:36:20Z
738,18300,83,29,2021-06-01T17:36:20Z
739,18300,83,30,2021-06-01T17:36:20Z
740,18300,83,grocery_bag,2021-06-01T17:36:20Z
741,18400,84,mustard,2021-06-01T17:36:21Z
742,18400,84,meat,2021-06-01T17:36:21Z
743,18400,84,5,2021-06-01T17:36:21Z
744,18400,84,18,2021-06-01T17:36:21Z
745,18400,84,6,2021-06-01T17:36:21Z
746,18400,84,9,2021-06-01T17:36:21Z
747,18400,84,3,2021-06-01T17:36:21Z
748,18400,84,grocery_bag,2021-06-01T17:36:21Z
749,18500,85,1,2021-06-01T17:36:22Z
750,18500,85,2,2021-06-01T17:36:22Z
751,18500,85,3,2021-06-01T17:36:22Z
752,18500,85,4,2021-06-01T17:36:22Z
753,18500,85,5,2021-06-01T17:36:20Z
754,18500,85,6,2021-06-01T17:36:20Z
755,18500,85,7,2021-06-01T17:36:20Z
756,18500,85,8,2021-06-01T17:36:20Z
757,18500,85,9,2021-06-01T17:36:20Z
758,18500,85,grocery_bag,2021-06-01T17:36:20Z
759,18600,86,10,2021-06-01T17:36:20Z
760,18600,86,11,2021-06-01T17:36:20Z
761,18600,86,12,2021-06-01T17:36:21Z
762,18600,86,13,2021-06-01T17:36:21Z
763,18600,86,14,2021-06-01T17:36:21Z
764,18600,86,15,2021-06-01T17:36:21Z
765,18600,86,16,2021-06-01T17:36:21Z
766,18600,86,17,2021-06-01T17:36:21Z
767,18600,86,grocery_bag,2021-06-01T17:36:21Z
768,18700,87,18,2021-06-01T17:36:21Z
769,18700,87,19,2021-06-01T17:36:22Z
770,18700,87,20,2021-06-01T17:36:22Z
771,18700,87,21,2021-06-01T17:36:22Z
772,18700,87,22,2021-06-01T17:36:22Z
773,18700,87,23,2021-06-01T17:36:22Z
774,18700,87,24,2021-06-01T17:36:22Z
775,18700,87,25,2021-06-01T17:36:22Z
776,18700,87,26,2021-06-01T17:36:23Z
777,18700,87,27,2021-06-01T17:36:23Z
778,18700,87,28,2021-06-01T17:36:23Z
779,18700,87,grocery_bag,2021-06-01T17:36:23Z
780,18800,88,29,2021-06-01T17:36:23Z
781,18800,88,30,2021-06-01T17:36:21Z
782,18800,88,1,2021-06-01T17:36:21Z
783,18800,88,2,2021-06-01T17:36:21Z
784,18800,88,3,2021-06-01T17:36:21Z
785,18800,88,4,2021-06-01T17:36:21Z
786,18800,88,5,2021-06-01T17:36:21Z
787,18800,88,grocery_bag,2021-06-01T17:36:21Z
788,18900,89,6,2021-06-01T17:36:21Z
789,18900,89,7,2021-06-01T17:36:22Z
790,18900,89,8,2021-06-01T17:36:22Z
791,18900,89,9,2021-06-01T17:36:22Z
792,18900,89,10,2021-06-01T17:36:22Z
793,18900,89,11,2021-06-01T17:36:22Z
794,18900,89,grocery_bag,2021-06-01T17:36:22Z
795,19000,90,12,2021-06-01T17:36:22Z
796,19000,90,13,2021-06-01T17:36:22Z
797,19000,90,14,2021-06-01T17:36:23Z
798,19000,90,15,2021-06-01T17:36:23Z
799,19000,90,16,2021-06-01T17:36:23Z
800,19000,90,17,2021-06-01T17:36:23Z
801,19000,90,18,2021-06-01T17:36:23Z
802,19000,90,19,2021-06-01T17:36:23Z
803,19000,90,grocery_bag,2021-06-01T17:36:23Z
804,19100,91,20,2021-06-01T17:36:23Z
805,19100,91,21,2021-06-01T17:36:24Z
806,19100,91,22,2021-06-01T17:36:24Z
807,19100,91,23,2021-06-01T17:36:24Z
808,19100,91,24,2021-06-01T17:36:24Z
809,19100,91,25,2021-06-01T17:36:22Z
810,19100,91,26,2021-06-01T17:36:22Z
811,19100,91,27,2021-06-01T17:36:22Z
812,19100,91,28,2021-06-01T17:36:22Z
813,19200,92,1,2021-06-01T17:36:18Z
814,19200,92,mustard,2021-06-01T17:36:18Z
815,19200,92,saussages_type_1,2021-06-01T17:36:18Z
816,19200,92,24,2021-06-01T17:36:18Z
817,19200,92,26,2021-06-01T17:36:18Z
818,19200,92,grocery_bag,2021-06-01T17:36:18Z
819,19300,93,5,2021-06-01T17:36:18Z
820,19300,93,mustard,2021-06-01T17:36:18Z
821,19300,93,saussages_type_2,2021-06-01T17:36:19Z
822,19300,93,16,2021-06-01T17:36:19Z
823,19300,93,20,2021-06-01T17:36:19Z
824,19300,93,14,2021-06-01T17:36:19Z
825,19300,93,grocery_bag,2021-06-01T17:36:19Z
826,19400,94,mustard,2021-06-01T17:36:19Z
827,19400,94,meat,2021-06-01T17:36:19Z
828,19400,94,24,2021-06-01T17:36:19Z
829,19400,94,15,2021-06-01T17:36:20Z
830,19400,94,1,2021-06-01T17:36:20Z
831,19400,94,6,2021-06-01T17:36:20Z
832,19400,94,7,2021-06-01T17:36:20Z
833,19400,94,8,2021-06-01T17:36:20Z
834,19400,94,grocery_bag,2021-06-01T17:36:20Z
835,19500,95,9,2021-06-01T17:36:20Z
836,19500,95,12,2021-06-01T17:36:20Z
837,19500,95,mustard,2021-06-01T17:36:21Z
838,19500,95,saussages_type_1,2021-06-01T17:36:21Z
839,19500,95,15,2021-06-01T17:36:21Z
840,19500,95,16,2021-06-01T17:36:21Z
841,19500,95,20,2021-06-01T17:36:19Z
842,19500,95,11,2021-06-01T17:36:19Z
843,19500,95,grocery_bag,2021-06-01T17:36:19Z
844,19600,96,mustard,2021-06-01T17:36:19Z
845,19600,96,saussages_type_2,2021-06-01T17:36:19Z
846,19600,96,2,2021-06-01T17:36:19Z
847,19600,96,7,2021-06-01T17:36:19Z
848,19600,96,19,2021-06-01T17:36:19Z
849,19600,96,20,2021-06-01T17:36:20Z
850,19600,96,13,2021-06-01T17:36:20Z
851,19600,96,12,2021-06-01T17:36:20Z
852,19600,96,1,2021-06-01T17:36:20Z
853,19600,96,5,2021-06-01T17:36:20Z
854,19600,96,29,2021-06-01T17:36:20Z
855,19600,96,30,2021-06-01T17:36:20Z
856,19600,96,grocery_bag,2021-06-01T17:36:20Z
857,19700,97,mustard,2021-06-01T17:36:21Z
858,19700,97,meat,2021-06-01T17:36:21Z
859,19700,97,5,2021-06-01T17:36:21Z
860,19700,97,18,2021-06-01T17:36:21Z
861,19700,97,6,2021-06-01T17:36:21Z
862,19700,97,9,2021-06-01T17:36:21Z
863,19700,97,3,2021-06-01T17:36:21Z
864,19700,97,grocery_bag,2021-06-01T17:36:21Z
865,19800,98,1,2021-06-01T17:36:22Z
866,19800,98,2,2021-06-01T17:36:22Z
867,19800,98,3,2021-06-01T17:36:22Z
868,19800,98,4,2021-06-01T17:36:22Z
869,19800,98,5,2021-06-01T17:36:20Z
870,19800,98,6,2021-06-01T17:36:20Z
871,19800,98,7,2021-06-01T17:36:20Z
872,19800,98,8,2021-06-01T17:36:20Z
873,19800,98,9,2021-06-01T17:36:20Z
874,19800,98,grocery_bag,2021-06-01T17:36:20Z
875,19900,99,10,2021-06-01T17:36:20Z
876,19900,99,11,2021-06-01T17:36:20Z
877,19900,99,12,2021-06-01T17:36:21Z
878,19900,99,13,2021-06-01T17:36:21Z
879,19900,99,14,2021-06-01T17:36:21Z
880,19900,99,15,2021-06-01T17:36:21Z
881,19900,99,16,2021-06-01T17:36:21Z
882,19900,99,17,2021-06-01T17:36:21Z
883,19900,99,grocery_bag,2021-06-01T17:36:21Z
884,20000,100,18,2021-06-01T17:36:21Z
885,20000,100,19,2021-06-01T17:36:22Z
886,20000,100,20,2021-06-01T17:36:22Z
887,20000,100,21,2021-06-01T17:36:22Z
888,20000,100,22,2021-06-01T17:36:22Z
889,20000,100,23,2021-06-01T17:36:22Z
890,20000,100,24,2021-06-01T17:36:22Z
891,20000,100,25,2021-06-01T17:36:22Z
892,20000,100,26,2021-06-01T17:36:23Z
893,20000,100,27,2021-06-01T17:36:23Z
894,20000,100,28,2021-06-01T17:36:23Z
895,20000,100,grocery_bag,2021-06-01T17:36:23Z
896,20100,101,29,2021-06-01T17:36:23Z
897,20100,101,30,2021-06-01T17:36:21Z
898,20100,101,1,2021-06-01T17:36:21Z
899,20100,101,2,2021-06-01T17:36:21Z
900,20100,101,3,2021-06-01T17:36:21Z
901,20100,101,4,2021-06-01T17:36:21Z
902,20100,101,5,2021-06-01T17:36:21Z
903,20100,101,grocery_bag,2021-06-01T17:36:21Z
904,20200,102,6,2021-06-01T17:36:21Z
905,20200,102,7,2021-06-01T17:36:22Z
906,20200,102,8,2021-06-01T17:36:22Z
907,20200,102,9,2021-06-01T17:36:22Z
908,20200,102,10,2021-06-01T17:36:22Z
909,20200,102,11,2021-06-01T17:36:22Z
910,20200,102,grocery_bag,2021-06-01T17:36:22Z
911,20300,103,12,2021-06-01T17:36:22Z
912,20300,103,13,2021-06-01T17:36:22Z
913,20300,103,14,2021-06-01T17:36:23Z
914,20300,103,15,2021-06-01T17:36:23Z
915,20300,103,16,2021-06-01T17:36:23Z
916,20300,103,17,2021-06-01T17:36:23Z
917,20300,103,18,2021-06-01T17:36:23Z
918,20300,103,19,2021-06-01T17:36:23Z
919,20300,103,grocery_bag,2021-06-01T17:36:23Z
920,20400,104,20,2021-06-01T17:36:23Z
921,20400,104,21,2021-06-01T17:36:24Z
922,20400,104,22,2021-06-01T17:36:24Z
923,20400,104,23,2021-06-01T17:36:24Z
924,20400,104,24,2021-06-01T17:36:24Z
925,20400,104,25,2021-06-01T17:36:22Z
926,20400,104,26,2021-06-01T17:36:22Z
927,20400,104,27,2021-06-01T17:36:22Z
928,20400,104,28,2021-06-01T17:36:22Z
929,20500,105,1,2021-06-01T17:36:18Z
930,20500,105,mustard,2021-06-01T17:36:18Z
931,20500,105,saussages_type_1,2021-06-01T17:36:18Z
932,20500,105,24,2021-06-01T17:36:18Z
933,20500,105,26,2021-06-01T17:36:18Z
934,20500,105,grocery_bag,2021-06-01T17:36:18Z
935,20600,106,5,2021-06-01T17:36:18Z
936,20600,106,mustard,2021-06-01T17:36:18Z
937,20600,106,saussages_type_2,2021-06-01T17:36:19Z
938,20600,106,16,2021-06-01T17:36:19Z
939,20600,106,20,2021-06-01T17:36:19Z
940,20600,106,14,2021-06-01T17:36:19Z
941,20600,106,grocery_bag,2021-06-01T17:36:19Z
942,20700,107,mustard,2021-06-01T17:36:19Z
943,20700,107,meat,2021-06-01T17:36:19Z
944,20700,107,24,2021-06-01T17:36:19Z
945,20700,107,15,2021-06-01T17:36:20Z
946,20700,107,1,2021-06-01T17:36:20Z
947,20700,107,6,2021-06-01T17:36:20Z
948,20700,107,7,2021-06-01T17:36:20Z
949,20700,107,8,2021-06-01T17:36:20Z
950,20700,107,grocery_bag,2021-06-01T17:36:20Z
951,20800,108,9,2021-06-01T17:36:20Z
952,20800,108,12,2021-06-01T17:36:20Z
953,20800,108,mustard,2021-06-01T17:36:21Z
954,20800,108,saussages_type_1,2021-06-01T17:36:21Z
955,20800,108,15,2021-06-01T17:36:21Z
956,20800,108,16,2021-06-01T17:36:21Z
957,20800,108,20,2021-06-01T17:36:19Z
958,20800,108,11,2021-06-01T17:36:19Z
959,20800,108,grocery_bag,2021-06-01T17:36:19Z
960,20900,109,mustard,2021-06-01T17:36:19Z
961,20900,109,saussages_type_2,2021-06-01T17:36:19Z
962,20900,109,2,2021-06-01T17:36:19Z
963,20900,109,7,2021-06-01T17:36:19Z
964,20900,109,19,2021-06-01T17:36:19Z
965,20900,109,20,2021-06-01T17:36:20Z
966,20900,109,13,2021-06-01T17:36:20Z
967,20900,109,12,2021-06-01T17:36:20Z
968,20900,109,1,2021-06-01T17:36:20Z
969,20900,109,5,2021-06-01T17:36:20Z
970,20900,109,29,2021-06-01T17:36:20Z
971,20900,109,30,2021-06-01T17:36:20Z
972,20900,109,grocery_bag,2021-06-01T17:36:20Z
973,21000,110,mustard,2021-06-01T17:36:21Z
974,21000,110,meat,2021-06-01T17:36:21Z
975,21000,110,5,2021-06-01T17:36:21Z
976,21000,110,18,2021-06-01T17:36:21Z
977,21000,110,6,2021-06-01T17:36:21Z
978,21000,110,9,2021-06-01T17:36:21Z
979,21000,110,3,2021-06-01T17:36:21Z
980,21000,110,grocery_bag,2021-06-01T17:36:21Z
981,21100,111,1,2021-06-01T17:36:22Z
982,21100,111,2,2021-06-01T17:36:22Z
983,21100,111,3,2021-06-01T17:36:22Z
984,21100,111,4,2021-06-01T17:36:22Z
985,21100,111,5,2021-06-01T17:36:20Z
986,21100,111,6,2021-06-01T17:36:20Z
987,21100,111,7,2021-06-01T17:36:20Z
988,21100,111,8,2021-06-01T17:36:20Z
989,21100,111,9,2021-06-01T17:36:20Z
990,21100,111,grocery_bag,2021-06-01T17:36:20Z
991,21200,112,10,2021-06-01T17:36:20Z
992,21200,112,11,2021-06-01T17:36:20Z
993,21200,112,12,2021-06-01T17:36:21Z
994,21200,112,13,2021-06-01T17:36:21Z
995,21200,112,14,2021-06-01T17:36:21Z
996,21200,112,15,2021-06-01T17:36:21Z
997,21200,112,16,2021-06-01T17:36:21Z
998,21200,112,17,2021-06-01T17:36:21Z
999,21200,112,grocery_bag,2021-06-01T17:36:21Z
1000,21300,113,18,2021-06-01T17:36:21Z
1001,21300,113,19,2021-06-01T17:36:22Z
1002,21300,113,20,2021-06-01T17:36:22Z
1003,21300,113,21,2021-06-01T17:36:22Z
1004,21300,113,22,2021-06-01T17:36:22Z
1005,21300,113,23,2021-06-01T17:36:22Z
1006,21300,113,24,2021-06-01T17:36:22Z
1007,21300,113,25,2021-06-01T17:36:22Z
1008,21300,113,26,2021-06-01T17:36:23Z
1009,21300,113,27,2021-06-01T17:36:23Z
1010,21300,113,28,2021-06-01T17:36:23Z
1011,21300,113,grocery_bag,2021-06-01T17:36:23Z
1012,21400,114,29,2021-06-01T17:36:23Z
1013,21400,114,30,2021-06-01T17:36:21Z
1014,21400,114,1,2021-06-01T17:36:21Z
1015,21400,114,2,2021-06-01T17:36:21Z
1016,21400,114,3,2021-06-01T17:36:21Z
1017,21400,114,4,2021-06-01T17:36:21Z
1018,21400,114,5,2021-06-01T17:36:21Z
1019,21400,114,grocery_bag,2021-06-01T17:36:21Z
1020,21500,115,6,2021-06-01T17:36:21Z
1021,21500,115,7,2021-06-01T17:36:22Z
1022,21500,115,8,2021-06-01T17:36:22Z
1023,21500,115,9,2021-06-01T17:36:22Z
1024,21500,115,10,2021-06-01T17:36:22Z
1025,21500,115,11,2021-06-01T17:36:22Z
1026,21500,115,grocery_bag,2021-06-01T17:36:22Z
1027,21600,116,12,2021-06-01T17:36:22Z
1028,21600,116,13,2021-06-01T17:36:22Z
1029,21600,116,14,2021-06-01T17:36:23Z
1030,21600,116,15,2021-06-01T17:36:23Z
1031,21600,116,16,2021-06-01T17:36:23Z
1032,21600,116,17,2021-06-01T17:36:23Z
1033,21600,116,18,2021-06-01T17:36:23Z
1034,21600,116,19,2021-06-01T17:36:23Z
1035,21600,116,grocery_bag,2021-06-01T17:36:23Z
1036,21700,117,20,2021-06-01T17:36:23Z
1037,21700,117,21,2021-06-01T17:36:24Z
1038,21700,117,22,2021-06-01T17:36:24Z
1039,21700,117,23,2021-06-01T17:36:24Z
1040,21700,117,24,2021-06-01T17:36:24Z
1041,21700,117,25,2021-06-01T17:36:22Z
1042,21700,117,26,2021-06-01T17:36:22Z
1043,21700,117,27,2021-06-01T17:36:22Z
1044,21700,117,28,2021-06-01T17:36:22Z
1045,21800,118,1,2021-06-01T17:36:18Z
1046,21800,118,mustard,2021-06-01T17:36:18Z
1047,21800,118,saussages_type_1,2021-06-01T17:36:18Z
1048,21800,118,24,2021-06-01T17:36:18Z
1049,21800,118,26,2021-06-01T17:36:18Z
1050,21800,118,grocery_bag,2021-06-01T17:36:18Z
1051,21900,119,5,2021-06-01T17:36:18Z
1052,21900,119,mustard,2021-06-01T17:36:18Z
1053,21900,119,saussages_type_2,2021-06-01T17:36:19Z
1054,21900,119,16,2021-06-01T17:36:19Z
1055,21900,119,20,2021-06-01T17:36:19Z
1056,21900,119,14,2021-06-01T17:36:19Z
1057,21900,119,grocery_bag,2021-06-01T17:36:19Z
1058,22000,120,mustard,2021-06-01T17:36:19Z
1059,22000,120,meat,2021-06-01T17:36:19Z
1060,22000,120,24,2021-06-01T17:36:19Z
1061,22000,120,15,2021-06-01T17:36:20Z
1062,22000,120,1,2021-06-01T17:36:20Z
1063,22000,120,6,2021-06-01T17:36:20Z
1064,22000,120,7,2021-06-01T17:36:20Z
1065,22000,120,8,2021-06-01T17:36:20Z
1066,22000,120,grocery_bag,2021-06-01T17:36:20Z
1067,22100,121,9,2021-06-01T17:36:20Z
1068,22100,121,12,2021-06-01T17:36:20Z
1069,22100,121,mustard,2021-06-01T17:36:21Z
1070,22100,121,saussages_type_1,2021-06-01T17:36:21Z
1071,22100,121,15,2021-06-01T17:36:21Z
1072,22100,121,16,2021-06-01T17:36:21Z
1073,22100,121,20,2021-06-01T17:36:19Z
1074,22100,121,11,2021-06-01T17:36:19Z
1075,22100,121,grocery_bag,2021-06-01T17:36:19Z
1076,22200,122,mustard,2021-06-01T17:36:19Z
1077,22200,122,saussages_type_2,2021-06-01T17:36:19Z
1078,22200,122,2,2021-06-01T17:36:19Z
1079,22200,122,7,2021-06-01T17:36:19Z
1080,22200,122,19,2021-06-01T17:36:19Z
1081,22200,122,20,2021-06-01T17:36:20Z
1082,22200,122,13,2021-06-01T17:36:20Z
1083,22200,122,12,2021-06-01T17:36:20Z
1084,22200,122,1,2021-06-01T17:36:20Z
1085,22200,122,5,2021-06-01T17:36:20Z
1086,22200,122,29,2021-06-01T17:36:20Z
1087,22200,122,30,2021-06-01T17:36:20Z
1088,22200,122,grocery_bag,2021-06-01T17:36:20Z
1089,22300,123,mustard,2021-06-01T17:36:21Z
1090,22300,123,meat,2021-06-01T17:36:21Z
1091,22300,123,5,2021-06-01T17:36:21Z
1092,22300,123,18,2021-06-01T17:36:21Z
1093,22300,123,6,2021-06-01T17:36:21Z
1094,22300,123,9,2021-06-01T17:36:21Z
1095,22300,123,3,2021-06-01T17:36:21Z
1096,22300,123,grocery_bag,2021-06-01T17:36:21Z
1097,22400,124,1,2021-06-01T17:36:22Z
1098,22400,124,2,2021-06-01T17:36:22Z
1099,22400,124,3,2021-06-01T17:36:22Z
1100,22400,124,4,2021-06-01T17:36:22Z
1101,22400,124,5,2021-06-01T17:36:20Z
1102,22400,124,6,2021-06-01T17:36:20Z
1103,22400,124,7,2021-06-01T17:36:20Z
1104,22400,124,8,2021-06-01T17:36:20Z
1105,22400,124,9,2021-06-01T17:36:20Z
1106,22400,124,grocery_bag,2021-06-01T17:36:20Z
1107,22500,125,10,2021-06-01T17:36:20Z
1108,22500,125,11,2021-06-01T17:36:20Z
1109,22500,125,12,2021-06-01T17:36:21Z
1110,22500,125,13,2021-06-01T17:36:21Z
1111,22500,125,14,2021-06-01T17:36:21Z
1112,22500,125,15,2021-06-01T17:36:21Z
1113,22500,125,16,2021-06-01T17:36:21Z
1114,22500,125,17,2021-06-01T17:36:21Z
1115,22500,125,grocery_bag,2021-06-01T17:36:21Z
1116,22600,126,18,2021-06-01T17:36:21Z
1117,22600,126,19,2021-06-01T17:36:22Z
1118,22600,126,20,2021-06-01T17:36:22Z
1119,22600,126,21,2021-06-01T17:36:22Z
1120,22600,126,22,2021-06-01T17:36:22Z
1121,22600,126,23,2021-06-01T17:36:22Z
1122,22600,126,24,2021-06-01T17:36:22Z
1123,22600,126,25,2021-06-01T17:36:22Z
1124,22600,126,26,2021-06-01T17:36:23Z
1125,22600,126,27,2021-06-01T17:36:23Z
1126,22600,126,28,2021-06-01T17:36:23Z
1127,22600,126,grocery_bag,2021-06-01T17:36:23Z
1128,22700,127,29,2021-06-01T17:36:23Z
1129,22700,127,30,2021-06-01T17:36:21Z
1130,22700,127,1,2021-06-01T17:36:21Z
1131,22700,127,2,2021-06-01T17:36:21Z
1132,22700,127,3,2021-06-01T17:36:21Z
1133,22700,127,4,2021-06-01T17:36:21Z
1134,22700,127,5,2021-06-01T17:36:21Z
1135,22700,127,grocery_bag,2021-06-01T17:36:21Z
1136,22800,128,6,2021-06-01T17:36:21Z
1137,22800,128,7,2021-06-01T17:36:22Z
1138,22800,128,8,2021-06-01T17:36:22Z
1139,22800,128,9,2021-06-01T17:36:22Z
1140,22800,128,10,2021-06-01T17:36:22Z
1141,22800,128,11,2021-06-01T17:36:22Z
1142,22800,128,grocery_bag,2021-06-01T17:36:22Z
1143,22900,129,12,2021-06-01T17:36:22Z
1144,22900,129,13,2021-06-01T17:36:22Z
1145,22900,129,14,2021-06-01T17:36:23Z
1146,22900,129,15,2021-06-01T17:36:23Z
1147,22900,129,16,2021-06-01T17:36:23Z
1148,22900,129,17,2021-06-01T17:36:23Z
1149,22900,129,18,2021-06-01T17:36:23Z
1150,22900,129,19,2021-06-01T17:36:23Z
1151,22900,129,grocery_bag,2021-06-01T17:36:23Z
1152,23000,130,20,2021-06-01T17:36:23Z
1153,23000,130,21,2021-06-01T17:36:24Z
1154,23000,130,22,2021-06-01T17:36:24Z
1155,23000,130,23,2021-06-01T17:36:24Z
1156,23000,130,24,2021-06-01T17:36:24Z
1157,23000,130,25,2021-06-01T17:36:22Z
1158,23000,130,26,2021-06-01T17:36:22Z
1159,23000,130,27,2021-06-01T17:36:22Z
1160,23000,130,28,2021-06-01T17:36:22Z
1161,23100,131,1,2021-06-01T17:36:18Z
1162,23100,131,mustard,2021-06-01T17:36:18Z
1163,23100,131,saussages_type_1,2021-06-01T17:36:18Z
1164,23100,131,24,2021-06-01T17:36:18Z
1165,23100,131,26,2021-06-01T17:36:18Z
1166,23100,131,grocery_bag,2021-06-01T17:36:18Z
1167,23200,132,5,2021-06-01T17:36:18Z
1168,23200,132,mustard,2021-06-01T17:36:18Z
1169,23200,132,saussages_type_2,2021-06-01T17:36:19Z
1170,23200,132,16,2021-06-01T17:36:19Z
1171,23200,132,20,2021-06-01T17:36:19Z
1172,23200,132,14,2021-06-01T17:36:19Z
1173,23200,132,grocery_bag,2021-06-01T17:36:19Z
1174,23300,133,mustard,2021-06-01T17:36:19Z
1175,23300,133,meat,2021-06-01T17:36:19Z
1176,23300,133,24,2021-06-01T17:36:19Z
1177,23300,133,15,2021-06-01T17:36:20Z
1178,23300,133,1,2021-06-01T17:36:20Z
1179,23300,133,6,2021-06-01T17:36:20Z
1180,23300,133,7,2021-06-01T17:36:20Z
1181,23300,133,8,2021-06-01T17:36:20Z
1182,23300,133,grocery_bag,2021-06-01T17:36:20Z
1183,23400,134,9,2021-06-01T17:36:20Z
1184,23400,134,12,2021-06-01T17:36:20Z
1185,23400,134,mustard,2021-06-01T17:36:21Z
1186,23400,134,saussages_type_1,2021-06-01T17:36:21Z
1187,23400,134,15,2021-06-01T17:36:21Z
1188,23400,134,16,2021-06-01T17:36:21Z
1189,23400,134,20,2021-06-01T17:36:19Z
1190,23400,134,11,2021-06-01T17:36:19Z
1191,23400,134,grocery_bag,2021-06-01T17:36:19Z
1192,23500,135,mustard,2021-06-01T17:36:19Z
1193,23500,135,saussages_type_2,2021-06-01T17:36:19Z
1194,23500,135,2,2021-06-01T17:36:19Z
1195,23500,135,7,2021-06-01T17:36:19Z
1196,23500,135,19,2021-06-01T17:36:19Z
1197,23500,135,20,2021-06-01T17:36:20Z
1198,23500,135,13,2021-06-01T17:36:20Z
1199,23500,135,12,2021-06-01T17:36:20Z
1200,23500,135,1,2021-06-01T17:36:20Z
1201,23500,135,5,2021-06-01T17:36:20Z
1202,23500,135,29,2021-06-01T17:36:20Z
1203,23500,135,30,2021-06-01T17:36:20Z
1204,23500,135,grocery_bag,2021-06-01T17:36:20Z
1205,23600,136,mustard,2021-06-01T17:36:21Z
1206,23600,136,meat,2021-06-01T17:36:21Z
1207,23600,136,5,2021-06-01T17:36:21Z
1208,23600,136,18,2021-06-01T17:36:21Z
1209,23600,136,6,2021-06-01T17:36:21Z
1210,23600,136,9,2021-06-01T17:36:21Z
1211,23600,136,3,2021-06-01T17:36:21Z
1212,23600,136,grocery_bag,2021-06-01T17:36:21Z
1213,23700,137,1,2021-06-01T17:36:22Z
1214,23700,137,2,2021-06-01T17:36:22Z
